<?xml version="1.0" encoding="UTF-8"?>
<GenRun Id="impl_1" LaunchPart="xc7a35tcpg236-1" LaunchTime="1682231267">
  <File Type="ROUTE-PWR" Name="HD74HC165_power_routed.rpt"/>
  <File Type="PA-TCL" Name="HD74HC165.tcl"/>
  <File Type="ROUTE-PWR-SUM" Name="HD74HC165_power_summary_routed.pb"/>
  <File Type="REPORTS-TCL" Name="HD74HC165_reports.tcl"/>
  <File Type="BITSTR-MSK" Name="HD74HC165.msk"/>
  <File Type="ROUTE-CLK" Name="HD74HC165_clock_utilization_routed.rpt"/>
  <File Type="RDI-RDI" Name="HD74HC165.vdi"/>
  <File Type="BG-BIT" Name="HD74HC165.bit"/>
  <File Type="BG-DRC" Name="HD74HC165.drc"/>
  <File Type="BG-BGN" Name="HD74HC165.bgn"/>
  <File Type="BG-BIN" Name="HD74HC165.bin"/>
  <File Type="BITSTR-RBT" Name="HD74HC165.rbt"/>
  <File Type="BITSTR-NKY" Name="HD74HC165.nky"/>
  <File Type="BITSTR-BMM" Name="HD74HC165_bd.bmm"/>
  <File Type="BITSTR-MMI" Name="HD74HC165.mmi"/>
  <File Type="ROUTE-METHODOLOGY-DRC" Name="HD74HC165_methodology_drc_routed.rpt"/>
  <File Type="BITSTR-SYSDEF" Name="HD74HC165.sysdef"/>
  <File Type="ROUTE-METHODOLOGY-DRC-PB" Name="HD74HC165_methodology_drc_routed.pb"/>
  <File Type="BITSTR-LTX" Name="debug_nets.ltx"/>
  <File Type="BITSTR-LTX" Name="HD74HC165.ltx"/>
  <File Type="WBT-USG" Name="usage_statistics_webtalk.html"/>
  <File Type="OPT-DRC" Name="HD74HC165_drc_opted.rpt"/>
  <File Type="OPT-HWDEF" Name="HD74HC165.hwdef"/>
  <File Type="PLACE-IO" Name="HD74HC165_io_placed.rpt"/>
  <File Type="PLACE-UTIL" Name="HD74HC165_utilization_placed.rpt"/>
  <File Type="PLACE-UTIL-PB" Name="HD74HC165_utilization_placed.pb"/>
  <File Type="ROUTE-RQS" Name="HD74HC165_routed.rqs"/>
  <File Type="PLACE-CTRL" Name="HD74HC165_control_sets_placed.rpt"/>
  <File Type="ROUTE-RQS-RPT" Name="route_report_qor_suggestions_0.rpt"/>
  <File Type="PLACE-PRE-SIMILARITY" Name="HD74HC165_incremental_reuse_pre_placed.rpt"/>
  <File Type="POSTROUTE-PHYSOPT-RQS-RPT" Name="postroute_physopt_report_qor_suggestions_0.rpt"/>
  <File Type="ROUTE-DRC" Name="HD74HC165_drc_routed.rpt"/>
  <File Type="ROUTE-DRC-PB" Name="HD74HC165_drc_routed.pb"/>
  <File Type="ROUTE-PWR-RPX" Name="HD74HC165_power_routed.rpx"/>
  <File Type="ROUTE-STATUS" Name="HD74HC165_route_status.rpt"/>
  <File Type="ROUTE-STATUS-PB" Name="HD74HC165_route_status.pb"/>
  <File Type="ROUTE-DCP" Name="HD74HC165_routed.dcp"/>
  <File Type="ROUTE-ERROR-DCP" Name="HD74HC165_routed_error.dcp"/>
  <File Type="ROUTE-BLACKBOX-DCP" Name="HD74HC165_routed_bb.dcp"/>
  <File Type="ROUTE-TIMINGSUMMARY" Name="HD74HC165_timing_summary_routed.rpt"/>
  <File Type="ROUTE-TIMING-PB" Name="HD74HC165_timing_summary_routed.pb"/>
  <File Type="ROUTE-TIMING-RPX" Name="HD74HC165_timing_summary_routed.rpx"/>
  <File Type="ROUTE-BUS-SKEW" Name="HD74HC165_bus_skew_routed.rpt"/>
  <File Type="ROUTE-BUS-SKEW-PB" Name="HD74HC165_bus_skew_routed.pb"/>
  <File Type="ROUTE-BUS-SKEW-RPX" Name="HD74HC165_bus_skew_routed.rpx"/>
  <File Type="OPT-DCP" Name="HD74HC165_opt.dcp"/>
  <File Type="PLACE-DCP" Name="HD74HC165_placed.dcp"/>
  <File Type="PWROPT-DCP" Name="HD74HC165_pwropt.dcp"/>
  <File Type="POSTPLACE-PWROPT-DCP" Name="HD74HC165_postplace_pwropt.dcp"/>
  <File Type="PHYSOPT-DCP" Name="HD74HC165_physopt.dcp"/>
  <File Type="POSTROUTE-PHYSOPT-DCP" Name="HD74HC165_postroute_physopt.dcp"/>
  <File Type="POSTROUTE-PHYSOPT-BLACKBOX-DCP" Name="HD74HC165_postroute_physopt_bb.dcp"/>
  <File Type="ROUTE-DRC-RPX" Name="HD74HC165_drc_routed.rpx"/>
  <File Type="ROUTE-METHODOLOGY-DRC-RPX" Name="HD74HC165_methodology_drc_routed.rpx"/>
  <File Type="PDI-FILE" Name="HD74HC165.pdi"/>
  <File Type="RCFI_FILE" Name="HD74HC165.rcfi"/>
  <File Type="CFI_FILE" Name="HD74HC165.cfi"/>
  <File Type="RNPI_FILE" Name="HD74HC165.rnpi"/>
  <File Type="NPI_FILE" Name="HD74HC165.npi"/>
  <File Type="RBD_FILE" Name="HD74HC165.rbd"/>
  <File Type="POSTROUTE-PHYSOPT-RQS" Name="HD74HC165_postroute_physopted.rqs"/>
  <FileSet Name="sources" Type="DesignSrcs" RelSrcDir="$PSRCDIR/sources_1" RelGenDir="$PGENDIR/sources_1">
    <Filter Type="Srcs"/>
    <File Path="$PSRCDIR/sources_1/new/HD74HC165.v">
      <FileInfo>
        <Attr Name="UsedIn" Val="synthesis"/>
        <Attr Name="UsedIn" Val="implementation"/>
        <Attr Name="UsedIn" Val="simulation"/>
      </FileInfo>
    </File>
    <Config>
      <Option Name="DesignMode" Val="RTL"/>
      <Option Name="TopModule" Val="HD74HC165"/>
      <Option Name="TopAutoSet" Val="TRUE"/>
    </Config>
  </FileSet>
  <FileSet Name="constrs_in" Type="Constrs" RelSrcDir="$PSRCDIR/constrs_1">
    <Filter Type="Constrs"/>
    <Config>
      <Option Name="ConstrsType" Val="XDC"/>
    </Config>
  </FileSet>
  <FileSet Name="utils" Type="Utils" RelSrcDir="$PSRCDIR/utils_1">
    <Filter Type="Utils"/>
    <File Path="$PSRCDIR/utils_1/imports/synth_1/HD74HC165.dcp">
      <FileInfo>
        <Attr Name="UsedIn" Val="synthesis"/>
        <Attr Name="UsedIn" Val="implementation"/>
        <Attr Name="UsedInSteps" Val="synth_1"/>
        <Attr Name="AutoDcp" Val="1"/>
      </FileInfo>
    </File>
    <Config>
      <Option Name="TopAutoSet" Val="TRUE"/>
    </Config>
  </FileSet>
  <Strategy Version="1" Minor="2">
    <StratHandle Name="Vivado Implementation Defaults" Flow="Vivado Implementation 2022"/>
    <Step Id="init_design"/>
    <Step Id="opt_design"/>
    <Step Id="power_opt_design"/>
    <Step Id="place_design"/>
    <Step Id="post_place_power_opt_design"/>
    <Step Id="phys_opt_design"/>
    <Step Id="route_design"/>
    <Step Id="post_route_phys_opt_design"/>
    <Step Id="write_bitstream"/>
    <Step Id="write_device_image"/>
  </Strategy>
</GenRun>
